{
  "steps": 200,
  "mean_reward": 0.925,
  "final_p1": [
    0.996151770452676,
    0.003848229547324029
  ],
  "final_p2_a": [
    0.9978044373981058,
    0.0021955626018942192
  ],
  "final_p2_b": [
    0.7662775924438544,
    0.23372240755614554
  ],
  "update_step1": true,
  "baseline": true,
  "seed": 0,
  "lr": 0.5
}
