{
  "steps": 200,
  "mean_reward": 0.435,
  "final_p1": [
    0.5,
    0.5
  ],
  "final_p2_a": [
    0.9900798778151875,
    0.009920122184812438
  ],
  "final_p2_b": [
    0.4478625414251112,
    0.5521374585748888
  ],
  "update_step1": false,
  "baseline": true,
  "seed": 0,
  "lr": 0.5
}
